Loop,Time,r0-A,p0-C0,p1-C0,p0-Cpa,p1-Cpa,r0-E,r0-Hp,p0-K,p1-K,Value,r0-Xi,p0-eps,p1-eps,p0-ka,p1-ka,r0-n,r0-nO2,p0-rho,p1-rho,
-1,0,2.78e+15,1.0,0.0,1011.1373849223205,2484.829668792824,2.06e+05,305163.4078785014,13999.97001011375,100000000.0,5.0537160961803105e-05,0.7338086749851456,0.9098653137600479,0.503603107944903,0.21672301429028692,0.28808119107453983,1.2138797110163508,0.0,1683.0,1235.0,
0,27.9063,2.78e+15,1.0,0.0,1011.1373849223205,2484.829668792824,2.06e+05,305163.4078785014,13999.97001011375,100000000.0,5.0537160961803105e-05,0.7338086749851456,0.9098653137600479,0.503603107944903,0.21672301429028692,0.28808119107453983,1.2138797110163508,0.0,1683.0,1235.0,
1,57.7416,2.78e+15,1.0,0.0,1011.1373849223205,2484.829668792824,2.06e+05,305163.4078785014,13999.97001011375,100000000.0,5.0537160961803105e-05,0.7338086749851456,0.9098653137600479,0.503603107944903,0.21672301429028692,0.28808119107453983,1.2138797110163508,0.0,1683.0,1235.0,
2,86.9452,2.78e+15,1.0,0.0,1011.1373849223205,2484.829668792824,2.06e+05,305163.4078785014,13999.97001011375,100000000.0,5.0537160961803105e-05,0.7338086749851456,0.9098653137600479,0.503603107944903,0.21672301429028692,0.28808119107453983,1.2138797110163508,0.0,1683.0,1235.0,
3,118.0640,3.45e+15,1.0,0.0,1174.251512108142,1989.949535868157,2.01e+05,586222.2260961519,21337.08455051916,100000000.0,1.3171051484201913e-05,0.7338086749851456,0.8355352097021567,0.6800942594520507,0.40802905225324226,0.2713359107451369,1.593250635792797,0.0,1683.0,1235.0,
4,148.3736,3.45e+15,1.0,0.0,1174.251512108142,1989.949535868157,2.01e+05,586222.2260961519,21337.08455051916,100000000.0,1.3171051484201913e-05,0.7338086749851456,0.8355352097021567,0.6800942594520507,0.40802905225324226,0.2713359107451369,1.593250635792797,0.0,1683.0,1235.0,
