Loop,Time,r0-A,p0-C0,p1-C0,p0-Cpa,p1-Cpa,p0-Cpb,p1-Cpb,r0-E,r0-Hp,p0-K,p1-K,Value,r0-Xi,p0-eps,p1-eps,p0-ka,p1-ka,p0-kb,p1-kb,r0-n,r0-nO2,r0-qIgn,p0-rho,p1-rho,
-1,0,2.34e+12,1.0,0.0,1080.0,1041.0,0.0452,0.259,1.81e+05,100000.0,10000.0,100000000.0,0.007007635948934314,0.7338086749851456,0.94,0.94,0.312,0.0949,4.405e-05,0.000283,1.0,0.0,20.24014755570023,1683.0,1235.0,
