Loop,Time,r0-A,r1-A,p0-C0,p1-C0,p0-Cpa,p1-Cpa,p0-Cpb,p1-Cpb,r0-E,r1-E,r0-Hp,r1-Hp,p0-K,p1-K,Value,r0-Xi,r1-Xi,p0-eps,p1-eps,p0-ka,p1-ka,p0-kb,p1-kb,r0-n,r1-n,r0-nO2,r1-nO2,p0-rho,p1-rho,
-1,0,2.79e+12,1.12e+14,1.0,0.0,2741.263231146593,4058.767863242562,0.1053435068665931,0.203173624867171,1.37e+05,5.88e+05,34042.914928672166,700736.0726882814,6329.18210353364,100000000.0,0.003507945520977819,0.5382039086871706,0.6091746412033137,0.7738685076081546,0.94,0.15280755683486083,0.1753619286312134,0.0001024919386133705,0.0007150817497296613,2.4827411368770025,4.077636069081692,0.0,0.0,1683.0,1235.0,
