Loop,Time,r0-A,r1-A,r2-A,p0-C0,p1-C0,p0-Cpa,p1-Cpa,p0-Cpb,p1-Cpb,r0-E,r1-E,r2-E,r0-Hp,r1-Hp,r2-Hp,p0-K,p1-K,Value,r0-Xi,r1-Xi,r2-Xi,p0-eps,p1-eps,p0-ka,p1-ka,p0-kb,p1-kb,r0-n,r1-n,r2-n,r0-nO2,r1-nO2,r2-nO2,p0-rho,p1-rho,
-1,0,7.02e+12,2.62e+14,1.55e+13,1.0,0.0,561.1476262390806,2386.947364544684,0.05801215720770717,0.41867448828505993,1.68e+05,7.52e+05,6.81e+05,355697.4567733835,332380.4804317834,1269361.015756675,33427.10837002141,100000000.0,0.005797744402343242,0.4333113265136749,0.8000883020059104,0.8118390763195744,0.9637791335171886,0.94,0.33289090344995304,0.03644131373089314,1.5940545024851368e-05,0.0002500647214286858,1.9382113831696322,2.1761714720121246,3.2174302770650036,0.0,0.0,0.0,1683.0,1235.0,
