Loop,Time,r0-A,r1-A,r2-A,p0-C0,p1-C0,p0-Cpa,p1-Cpa,p0-Cpb,p1-Cpb,r0-E,r1-E,r2-E,r0-Hp,r1-Hp,r2-Hp,p0-K,p1-K,Value,r0-Xi,r1-Xi,r2-Xi,p0-eps,p1-eps,p0-ka,p1-ka,p0-kb,p1-kb,r0-n,r1-n,r2-n,r0-nO2,r1-nO2,r2-nO2,p0-rho,p1-rho,
-1,0,1.28e+12,3.97e+13,2.57e+12,1.0,0.0,3154.255382350225,488.60384433296497,0.12453369847689384,0.6505311133374692,1.25e+05,2.05e+05,3.82e+05,270962.4500878945,466408.29606629204,1312707.2457405915,9168.445700953176,100000000.0,0.004093012061500052,0.42762399502159687,0.6669836395261701,0.2501797003884483,0.8063940350341342,0.94,0.17487700885739235,0.25492482193842375,2.38039771173938e-05,0.00019084949975552384,1.3017834857964352,4.673769423821281,10.511815459433556,0.0,0.0,0.0,1683.0,1235.0,
0,345.9620,3.89e+12,9.04e+13,8.39e+12,1.0,0.0,1862.673487702239,1952.8355648201732,0.09714200867415601,0.5798422878573699,1.47e+05,3.40e+05,3.63e+05,180025.932585034,624751.947730421,791949.6889509419,28275.16829143437,100000000.0,0.0029883373311418763,0.45693307785159676,0.368594357649074,0.34079112566091,0.7436978748694469,0.94,0.393735150899417,0.1446759573590418,6.168091867819868e-05,0.0005105854488962175,2.780336533993319,3.188305347586379,7.229126182839034,0.0,0.0,0.0,1683.0,1235.0,
