Loop,Time,r0-A,r1-A,r2-A,p0-C0,p1-C0,p0-Cpa,p1-Cpa,p0-Cpb,p1-Cpb,r0-E,r1-E,r2-E,r0-Hp,r1-Hp,r2-Hp,p0-K,p1-K,Value,r0-Xi,r1-Xi,r2-Xi,p0-eps,p1-eps,p0-ka,p1-ka,p0-kb,p1-kb,r0-n,r1-n,r2-n,r0-nO2,r1-nO2,r2-nO2,p0-rho,p1-rho,
-1,0,2.38e+12,7.94e+13,9.26e+12,1.0,0.0,1073.269222784623,2460.9513663481944,0.043256812421300826,0.3624624574068397,1.85e+05,1.86e+05,1.72e+05,51373.83405176438,262954.55632089975,405259.17473887134,34412.49639913245,100000000.0,0.00027512521385659745,0.713902470739971,0.5236487437304598,0.2928120574150248,0.9291844770786779,0.94,0.2612397360674781,0.15461901361807057,0.00014422966459912376,9.436729135088785e-05,1.0030082228129542,1.4634288031222324,3.1260659880714825,0.0,0.0,0.0,1683.0,1235.0,
0,76.4570,2.42e+12,7.11e+13,9.53e+12,1.0,0.0,1101.7616645183966,2491.6114278032064,0.04317348437177782,0.6363017302211083,1.88e+05,1.84e+05,1.72e+05,209940.50410501251,232605.38498137443,389137.85757835716,30473.036343839427,100000000.0,0.00015558331209619998,0.7157890346197386,0.5244982587164293,0.2911152209131611,0.8587138254925635,0.94,0.25557312877296806,0.08267067172669822,9.116722481264191e-05,0.0006270498500017476,0.9825751502906441,1.551878680767009,3.008228603786937,0.0,0.0,0.0,1683.0,1235.0,
1,153.3630,2.42e+12,7.11e+13,9.53e+12,1.0,0.0,1101.7616645183966,2491.6114278032064,0.04317348437177782,0.6363017302211083,1.88e+05,1.84e+05,1.72e+05,209940.50410501251,232605.38498137443,389137.85757835716,30473.036343839427,100000000.0,0.00015558331209619998,0.7157890346197386,0.5244982587164293,0.2911152209131611,0.8587138254925635,0.94,0.25557312877296806,0.08267067172669822,9.116722481264191e-05,0.0006270498500017476,0.9825751502906441,1.551878680767009,3.008228603786937,0.0,0.0,0.0,1683.0,1235.0,
2,232.4330,2.30e+12,7.69e+13,9.08e+12,1.0,0.0,1087.1998272175324,2246.1517617187305,0.04552350637623903,0.6998878294093883,1.81e+05,1.90e+05,1.73e+05,226256.85497297678,384372.95118335204,384561.6884888896,22389.751879838273,100000000.0,0.00014753050667998371,0.7473558795621349,0.5087121718327634,0.3023049781870095,0.8659978585592719,0.94,0.5661283924458667,0.1889581413425485,3.904188176568522e-05,0.00047448269306741534,0.9768186754321888,1.4553401795597563,3.1037424924444004,0.0,0.0,0.0,1683.0,1235.0,
