Loop,Time,r0-A,r1-A,p0-C0,p1-C0,p0-Cpa,p1-Cpa,p0-Cpb,p1-Cpb,r0-E,r1-E,r0-Hp,r1-Hp,p0-K,p1-K,Value,r0-Xi,r1-Xi,p0-eps,p1-eps,p0-ka,p1-ka,p0-kb,p1-kb,r0-n,r1-n,r0-nO2,r1-nO2,p0-rho,p1-rho,
-1,0,2.87e+12,1.56e+14,1.0,0.0,1670.7339895553177,2812.374784281636,0.16295651464589492,0.6552376112473475,1.52e+05,1.32e+05,140909.38390130797,233451.08379997138,23926.76626858045,100000000.0,0.0026408488137309237,0.75,0.5,0.337794025639008,0.94,0.5281523398862435,0.05082687514700737,1.5323908930146117e-05,0.0002815177535832694,3.1390168598786525,5.57354203956353,0.0,0.0,1683.0,1235.0,
0,411.6130,3.38e+12,2.01e+14,1.0,0.0,891.728279403513,986.4561935045643,0.0949874842002067,0.3288299815552469,3.34e+05,1.95e+05,246604.44985022687,290000.897867469,25559.924149629354,100000000.0,0.0021386199546211465,0.75,0.5,0.8672910277537338,0.94,0.9325203110153584,0.02767777297781856,8.756928224381811e-05,0.00023205326319256404,0.6977924460113356,5.770425567402256,0.0,0.0,1683.0,1235.0,
1,855.7060,2.26e+12,1.32e+14,1.0,0.0,1301.8842507950303,2353.4805773443068,0.10847137721285918,0.5406806240561726,5.17e+05,1.71e+05,192363.86284981854,322101.8532393286,19837.879011489156,100000000.0,0.0020826892427430197,0.75,0.5,0.7807564289569164,0.94,0.6289557480623149,0.11529492852517358,4.172432963045017e-05,0.0003618413642230027,0.7918927284093655,5.484219181531274,0.0,0.0,1683.0,1235.0,
2,1325.0820,3.84e+12,1.64e+14,1.0,0.0,1547.328656657695,2355.312330723964,0.10607953046794402,0.954467480217255,1.48e+05,1.47e+05,286225.1363174205,518690.9551719775,27060.84626486054,100000000.0,0.0014853784573604792,0.75,0.5,0.6829784284396592,0.94,0.7045932566061202,0.035678604881408865,6.398575868204153e-05,0.00020750583347893395,0.41596303290922476,3.1456597577191396,0.0,0.0,1683.0,1235.0,
