Loop,Time,r0-A,p0-C0,p1-C0,p0-Cpa,p1-Cpa,r0-E,r0-Hp,p0-K,p1-K,Value,r0-Xi,p0-eps,p1-eps,p0-ka,p1-ka,r0-n,r0-nO2,p0-rho,p1-rho,
-1,0,7.29e+12,1.0,0.0,2556.225563936083,2207.1048195910707,1.38e+05,30394.826873339156,15065.474100140475,100000000.0,0.00031890001454787836,0.7338086749851456,0.361734173326123,0.94,0.15486291059211962,0.2895088085142484,0.8018897360329464,0.0,1683.0,1235.0,
1,442.4890,2.54e+12,1.0,0.0,1966.9539895643352,2523.746499862954,0.09998006831345221,0.6018738809250296,1.35e+05,184872.57462550898,20651.127838288972,100000000.0,3.466271836152977e-05,0.7338086749851456,0.5996440502668852,0.94,0.5162672523437616,0.143611405539113,4.749285143623983e-05,0.00044250759609478185,2.1388843350225013,0.0,1683.0,1235.0,
0,170.0162,4.95e+12,1.0,0.0,3367.7417419489666,2684.533107079893,1.38e+05,188796.38707276765,21947.82690883364,100000000.0,0.00013180658483749418,0.7338086749851456,0.7340204230202267,0.94,0.4884708278839464,0.3001609108328881,1.989736936455047,0.0,1683.0,1235.0,
