Loop,Time,r0-A,p0-C0,p1-C0,p0-Cpa,p1-Cpa,p0-Cpb,p1-Cpb,r0-E,r0-Hp,p0-K,p1-K,Value,r0-Xi,p0-eps,p1-eps,p0-ka,p1-ka,p0-kb,p1-kb,r0-n,r0-nO2,p0-rho,p1-rho,
-1,0,9.17e+11,1.0,0.0,4057.3970354724515,3556.9539596712198,0.07814198880045659,0.6417562852353956,1.44e+05,48112.35764655305,30638.011265287052,100000000.0,0.00030026866406318245,0.7338086749851456,0.9751981258995003,0.94,0.09052593046275888,0.2772158936880489,1.28846962166943e-05,0.00013347937951231476,1.3149313717834197,0.0,1683.0,1235.0,
21,4710.0403,3.14e+12,1.0,0.0,2952.3095787934026,1014.824103909059,1.53e+05,199459.0108472907,32445.501956356133,100000000.0,5.0642575310140745e-06,0.7338086749851456,0.9375533390911841,0.94,0.5520775181050226,0.26303761123447666,1.8457941434052814,0.0,1683.0,1235.0,
0,568.7211,1.08e+12,1.0,0.0,2667.511108406335,2296.1008142625037,0.12618707560915132,0.5817840432224992,1.43e+05,226179.58876117447,25380.125718131218,100000000.0,0.00022725152721134049,0.7338086749851456,0.7814267935401548,0.94,0.090610615633967,0.14017712707139568,6.803318235500709e-05,0.0002861559915819039,2.627546826343,0.0,1683.0,1235.0,
22,5079.1979,3.11e+12,1.0,0.0,2950.3362283513006,991.0210909573268,1.53e+05,199490.9491871607,32389.640318894453,100000000.0,5.05767411482977e-06,0.7338086749851456,0.9373705390687269,0.94,0.551712306149035,0.2623584801130655,1.8570040130546055,0.0,1683.0,1235.0,
23,5277.8990,3.06e+12,1.0,0.0,2945.5881353472205,937.9792230462539,1.53e+05,199527.81001637242,32245.093932927288,100000000.0,5.0480371107589e-06,0.7338086749851456,0.9371020936177996,0.94,0.5508191040862263,0.26089751415272194,1.8820312609492977,0.0,1683.0,1235.0,
