Loop,Time,r0-A,p0-C0,p1-C0,p0-Cpa,p1-Cpa,p0-Cpb,p1-Cpb,r0-E,r0-Hp,p0-K,p1-K,Value,r0-Xi,p0-eps,p1-eps,p0-ka,p1-ka,p0-kb,p1-kb,r0-n,r0-nO2,p0-rho,p1-rho,
-1,0,2.77e+12,1.0,0.0,999.302719384,1170.01167225,0.0477070352663,0.230173960664,1.81e+05,119442.530409,9450.2957298,100000000.0,2.54852917976e-05,0.733808674985,0.87590234265,0.94,0.305012688491,0.0959084827167,3.60720947243e-05,0.000330475047992,0.971489405828,0.0,1683.0,1235.0,
0,245.4085,2.52e+12,1.0,0.0,1059.71071519,1045.22341429,0.0444844634132,0.261355979735,1.80e+05,104414.546119,9682.49597918,100000000.0,1.15889769175e-05,0.733808674985,0.890749948447,0.94,0.293948453498,0.0947400603088,4.50939423676e-05,0.000290675095515,0.989755143635,0.0,1683.0,1235.0,
1,517.1157,2.54e+12,1.0,0.0,1093.8853393,1042.46157734,0.0460713828565,0.251187975515,1.79e+05,105658.862051,9988.16145183,100000000.0,5.68175529324e-06,0.733808674985,0.9056036884,0.94,0.305442839156,0.0899745120667,4.53164694703e-05,0.00028549392667,1.00595989121,0.0,1683.0,1235.0,
2,794.0514,2.44e+12,1.0,0.0,1064.65285748,1066.68348525,0.0459535170545,0.257524006988,1.79e+05,105409.666102,9986.96598487,100000000.0,2.84892829634e-06,0.733808674985,0.893466629753,0.94,0.300533125749,0.0914706269824,4.51451061776e-05,0.000277947247182,1.010209053,0.0,1683.0,1235.0,
3,1075.1177,2.45e+12,1.0,0.0,1070.973801,1057.33010631,0.0459677089713,0.255615847838,1.79e+05,104071.031849,10148.4804355,100000000.0,1.74438415089e-06,0.733808674985,0.897212755092,0.94,0.30143625133,0.0907480755452,4.50500418491e-05,0.000276116365189,1.01699757216,0.0,1683.0,1235.0,
4,1362.5875,2.34e+12,1.0,0.0,1076.59350218,1068.84512467,0.0453970791663,0.259866036732,1.79e+05,101581.710511,10326.0667403,100000000.0,8.35691522894e-07,0.733808674985,0.897696966199,0.94,0.301310453905,0.0892222328562,4.40834991434e-05,0.000265740412759,1.02864746453,0.0,1683.0,1235.0,
5,1662.3050,2.44e+12,1.0,0.0,1068.65191924,1083.7429355,0.0465382318664,0.255744200592,1.79e+05,102529.726696,10259.9395485,100000000.0,5.7435114449e-07,0.733808674985,0.895438617694,0.94,0.298572965656,0.0895897333394,4.51422698846e-05,0.000276343697486,1.03469212707,0.0,1683.0,1235.0,
6,1956.2739,2.36e+12,1.0,0.0,1059.06452169,1068.13073884,0.046996818207,0.256475450144,1.79e+05,102075.010115,10299.5730766,100000000.0,4.0971300124e-07,0.733808674985,0.895639899291,0.94,0.296004002341,0.0894278742884,4.50011985043e-05,0.000278718473091,1.03280969156,0.0,1683.0,1235.0,
